Naglis,M
Nali,M
Naoto,M
Nataraj,M
Nathanali,M
Natti,M
Nazih,M
Necati,M
Nelion,M
Neqeren,M
Nestor,M
Nicklais,M
Nicklavs,M
Niilas,M
Nithilan,M
Nivash,M
Noman,M
Noohr,M
Norberto,M
Nourdeen,M
Novo,M
Nuet,M
Nur-Ahmed,M
Nadika,F
Nadiya,F
Najannguaq,F
Najmia,F
Nalukui,F
Nano,F
Nastasia,F
Nataya,F
Nathishika,F
Natsu,F
Nav√°,F
Necole,F
Nede,F
Nedziba,F
Neema,F
Nei,F
Nelie,F
Nelli,F
Nete,F
Nethe,F
Niela,F
Nienna,F
Nimah,F
Ninavenus,F
Niovi,F
Nishimve,F
Nitara,F
Nmi,F
Nolah,F
Noleen,F
Norah,F
Nowera,F
Nusaiba,F
Nyah,F
Nyota,F
Nur,U
Nor,U
Neil,U
Niel,U
Nicki,U
Naji,U
Ngun,U
