Saadi,M
Saanjh,M
Saboor,M
Sabree,M
Safet,M
Salomo,M
Samaran,M
Sammad,M
Samyran,M
Sanosh,M
Santher,M
Sathurijan,M
Sayri,M
Selatin,M
Sewarius,M
Seyit,M
Shad,M
Shaheen,M
Shaine,M
Shakiel,M
Sharuson,M
Shimon,M
Shwan,M
Siegmund,M
Sigmundur,M
Sigurdt,M
Siinus,M
Simohamed,M
Sirus,M
Sjurur,M
Sondre,M
Sonni,M
Sorush,M
Spencer,M
Sreten,M
Srinesh,M
Stanny,M
Stirling,M
Stoney,M
Suhas,M
Sun,M
Sunny,M
Surya,M
Svenaage,M
Swapnil,M
Sølver,M
Sahanah,F
Sahara,F
Salma,F
Saloumeh,F
Sanaya,F
Sanella,F
Sanja,F
Saya,F
Selia,F
Sellma,F
Selma,F
Senuri,F
Servan,F
Shafana,F
Shahla,F
Shama,F
Shanjanaa,F
Shawnem,F
Shessa,F
Sicilla,F
Siiriya,F
Silona,F
Sinamarie,F
Sindet,F
Sisca,F
Sissemaj,F
Soffía,F
Solmoi,F
Solomia,F
Sorana,F
Spire,F
Steffani,F
Stellamina,F
Subeyda,F
Sumayâh,F
Susanne,F
Suzan,F
Svenja,F
Syrine,F
Sysser,F
Sysset,F
Sølvie,F
Saman,U
Samer,U
Safir,U
Sila,U
Sultan,U
