Aadit,M
Abdisamad,M
Abdulfatah,M
Abdulrahind,M
Abdulsattar,M
Abedin,M
Abinass,M
Abraaz,M
Abrahamthaitak,M
Aci,M
Acksel,M
Aden,M
Adrijus,M
Afeen,M
Afzal,M
Ahmednur,M
Ahrn,M
Ail,M
Ailo,M
Aimé,M
Ajas,M
Aksel,M
Albrekt,M
Alfarouk,M
Alfuseni,M
Alman,M
Almotawakel,M
Altmar,M
Alvar,M
Amatey,M
Amel,M
Andrass,M
Andris,M
Anis,M
Anjay,M
Anthoni,M
Antone,M
Antonius,M
Arab,M
Aragorn,M
Arbër,M
Arel,M
Arlind,M
Arminas,M
Arsin,M
Arturo,M
Asir,M
Astiak,M
Aswikan,M
Atze,M
Avake,M
Ayaybir,M
Aye,M
Aykan,M
Aywin,M
Ayyûb,M
Azeem,M
Azul,M
Bailor,M
Bajram,M
Bane,M
Barlas,M
Basir,M
Bau,M
Bekim,M
Bennour,M
Benoit,M
Bernth,M
Berthel,M
Beyar,M
Bhavesh,M
Bing,M
Bjirk,M
Blake,M
Bono,M
Boone,M
Brianeli,M
Buakaw,M
Bukhari,M
Cabdirahman,M
Caramon,M
Cecil,M
Cedeiro,M
Celil,M
Chand,M
Chijioke,M
Chriz,M
Chukwunazaekpere,M
Cim,M
Claudy,M
Collin,M
Como,M
Corneliius,M
Cornelio,M
Cozmo,M
Cristiano,M
Cylver,M
Damien,M
Dasin,M
Delojan,M
Dhruva,M
Di,M
Diam,M
Diren,M
Donni,M
Drevs,M
Dàibhidh,M
Eigill,M
Eike,M
Elisha,M
Enoh,M
Eoon,M
Eriko,M
Erlind,M
Ermuunbileg,M
Ernesto,M
Ernêrak,M
Errol,M
Esef,M
Esias,M
Eski,M
Ethem,M
Ezekiel,M
Ezékiel,M
Faek,M
Fianko,M
Figo,M
Finnian,M
Frederico,M
Gaghan,M
Gandalf,M
Garon,M
Garthie,M
Gary,M
Gray,M
Grianggrai,M
Gudman,M
Guttorm,M
Gyamfi,M
Haim,M
Haissam,M
Halldor,M
Hamud,M
Hans-Jürgen,M
Hanskristian,M
Hansmorten,M
Haoze,M
Hariychanan,M
Harlem,M
Harmindar,M
Harri,M
Hassine,M
Hauke,M
Havan,M
Havard,M
Hawre,M
Hayattin,M
Heath,M
Heintje,M
Herish,M
Herkus,M
Hermod,M
Hinrich,M
Hosheng,M
Hrafn,M
Husam,M
Husein,M
Huyar,M
Hwa,M
Hy,M
Ibragim,M
Ibrohim,M
Idelphonse,M
Ignacio,M
Ilian,M
Iliyan,M
Ilkan,M
Inor,M
Ion,M
Iranwoluwa,M
Istvan,M
Iulius,M
Ivon,M
Izaan,M
Jack,M
Jail,M
Jamin,M
Janci,M
Janjan,M
Jaysan,M
Jees,M
Jehon,M
Jephthah,M
Jesmicas,M
Jiarui,M
Jibriel,M
Job,M
Jobbe,M
Joffre,M
Johnny,M
Jonatthan,M
Joos,M
Jordi,M
Jorn,M
Josjua,M
Juani,M
Jérôme,M
Jørre,M
Kacheo,M
Kaoru,M
Kasper,M
Kaspian,M
Kawar,M
Kayembe,M
Kazuo,M
Kefas,M
Kenn,M
Kennert,M
Kennie,M
Kevan,M
Khadar,M
Khodr,M
Kimhan,M
Klaus,M
Klavess,M
Konrad,M
Koppány,M
Kotaro,M
Ksavery,M
Lakshan,M
Lari,M
Lassee,M
Laugrits,M
Laurent,M
Laurentius,M
Lei,M
Lenin,M
Lenius,M
Lester,M
Logi,M
Luas,M
Luie,M
Madriaz,M
Mahith,M
Majaliwa,M
Mamadou,M
Maneet,M
Marchel,M
Margus,M
Marion,M
Mars,M
Mashakur,M
Masieco,M
Matej,M
Matiar,M
Mayson,M
Mehti,M
Melchizedek,M
Mertcan,M
Meshack,M
Mido,M
Mihnea,M
Milija,M
Mithrades,M
Mohd,M
Mohib,M
Mojtaba,M
Mowafak,M
Muhudin,M
Muhumed,M
Murtadha,M
Mustakim,M
Mutua,M
Naglis,M
Nali,M
Naoto,M
Nataraj,M
Nathanali,M
Natti,M
Nazih,M
Necati,M
Nelion,M
Neqeren,M
Nestor,M
Nicklais,M
Nicklavs,M
Niilas,M
Nithilan,M
Nivash,M
Noman,M
Noohr,M
Norberto,M
Nourdeen,M
Novo,M
Nuet,M
Nur-Ahmed,M
Odbjørn,M
Om,M
On,M
Ong,M
Orbit,M
Orfeo,M
Osvald,M
Othelius,M
Oudesho,M
Ousman,M
Periklis,M
Pindra,M
Poulerik,M
Poulus,M
Pouya,M
Pradana,M
Qazafi,M
Qin,M
Ra,M
Raden,M
Raffat,M
Rafi,M
Ragnleik,M
Rakim,M
Ramesis,M
Ramis,M
Raoul,M
Ras,M
Rashdan,M
Reduan,M
Regner,M
Reid,M
Remy,M
Revan,M
Richart,M
Ridha,M
Rojhat,M
Roney,M
Roshan,M
Rudy,M
Rupen,M
Róbert,M
Rûbar,M
Saadi,M
Saanjh,M
Saboor,M
Sabree,M
Safet,M
Salomo,M
Samaran,M
Sammad,M
Samyran,M
Sanosh,M
Santher,M
Sathurijan,M
Sayri,M
Selatin,M
Sewarius,M
Seyit,M
Shad,M
Shaheen,M
Shaine,M
Shakiel,M
Sharuson,M
Shimon,M
Shwan,M
Siegmund,M
Sigmundur,M
Sigurdt,M
Siinus,M
Simohamed,M
Sirus,M
Sjurur,M
Sondre,M
Sonni,M
Sorush,M
Spencer,M
Sreten,M
Srinesh,M
Stanny,M
Stirling,M
Stoney,M
Suhas,M
Sun,M
Sunny,M
Surya,M
Svenaage,M
Swapnil,M
Sølver,M
Tade,M
Taiz,M
Takki,M
Taleb,M
Talip,M
Tamoor,M
Tanoj,M
Targo,M
Tariku,M
Tate,M
Taulant,M
Tejt,M
Termann,M
Theophilus,M
Thorian,M
Timas,M
Tivon,M
Tomek,M
Tomoki,M
Trias,M
Tuilik,M
Tullio,M
Tunav,M
Umeyr,M
Ursus,M
Utuuniaq,M
Valentine,M
Valmund,M
Velin,M
Vicente,M
Victory,M
Vidar,M
Vidarve,M
Villads,M
Vinzenz,M
Vishanth,M
Vu,M
Waage,M
Wahaab,M
Wahhab,M
Wai,M
Waley,M
Walleena,M
Walter,M
Waris,M
Xiaoye,M
Yankoo,M
Yaqoob,M
Yeremia,M
Yijun,M
Ymi,M
Yogansh,M
Yule,M
Yuqi,M
Yusein,M
Zackariah,M
Zeynel,M
Zhiyue,M
Zulu,M
Zygmunt,M
Åsmund,M
Òðinn,M
Óskar,M
Aaista,F
Aaninnguaq,F
Aasa,F
Aashna,F
Abisha,F
Adah,F
Adobea,F
Ady,F
Afi,F
Afina,F
Aie,F
Aisvina,F
Akvilé,F
Alandra,F
Alayah,F
Albertha,F
Alberthe,F
Alem,F
Alinea,F
Almasa,F
Alvá,F
Alyaa,F
Amaliee,F
Amela,F
Anaam,F
Analuna,F
Anastassia,F
Ann-Kristine,F
Ann-Louise,F
Ann-Merete,F
Annemi,F
Annfrið,F
Annica,F
Anthea,F
Anue,F
Anum,F
Apenayaa,F
Ara,F
Arisha,F
Arshida,F
Asalah,F
Ashvika,F
Ashwaq,F
Asmahan,F
Asti,F
Athel,F
Atlante,F
Aufa,F
Aune,F
Aunes,F
Auraliiv,F
Avzem,F
Aybyuke,F
Ayo,F
Ayza,F
Azuzhina,F
Baani,F
Bailasan,F
Banni,F
Be,F
Bebe,F
Bee,F
Bellachant,F
Bellanova,F
Benedicté,F
Bentebet,F
Berenike,F
Berit,F
Betsey,F
Betty,F
Biaktinhnem,F
Biddy,F
Bille,F
Bin,F
Birgit,F
Blearta,F
Bojana,F
Borghild,F
Brinnie,F
Brizette,F
Cabrina,F
Cali,F
Camilie,F
Camitta,F
Cansel,F
Carli,F
Catalea,F
Catalina,F
Catia,F
Caya,F
Celiane,F
Ceyda,F
Chanel,F
Chanie,F
Chintan,F
Cici,F
Clarice,F
Clarisse,F
Clennie,F
Cloann,F
Coriina,F
Dahla,F
Darina,F
Deeksan,F
Delvin,F
Diine,F
Dilani,F
Djinna,F
Dora,F
Dorethe,F
Duzette,F
Elamariie,F
Eleena,F
Ellamaia,F
Ellemijn,F
Ellenor,F
Elsemaria,F
Elsemarie,F
Emeline,F
Emiley,F
Emiliea,F
Emmanuelle,F
Emmerence,F
Enesa,F
Enjeh,F
Enna,F
Erena,F
Erika,F
Estefania,F
Eydis,F
Eylem,F
Eza,F
Fadima,F
Falisha,F
Famya,F
Farus,F
Felecia,F
Feri,F
Figne,F
Fionasofie,F
Florence,F
Flormiya,F
Francoise,F
Frencia,F
Freydis,F
Fro,F
Gashbin,F
Geanina,F
Genowefa,F
Ghena,F
Ghufran,F
Gilli,F
Gitteelina,F
Glorija,F
Gofran,F
Güzel,F
Hadeer,F
Hajera,F
Hannar,F
Hea,F
Helale,F
Helvig,F
Hermandine,F
Hermilda,F
Hildegun,F
Holcha,F
Humairah,F
Huson,F
Iara,F
Ibbe,F
Igde,F
Ilara,F
Ilmy,F
Ilyaan,F
Ingerlisci,F
Ingibjørg,F
Ingjerd,F
Intissar,F
Inèz,F
Isariya,F
Israa,F
Issis,F
Izabell,F
Jael,F
Janani,F
Jathusza,F
Jeanette,F
Jeanita,F
Jehona,F
Jekaterina,F
Jenna,F
Jeshaanaa,F
Jiaqi,F
Jihaan,F
Jisele,F
Jonella,F
Joseline,F
Jova,F
Judite,F
Juliemaja,F
Juljana,F
Julliah,F
Junaina,F
Jutha,F
Kadee,F
Kamini,F
Karuna,F
Kasina,F
Katherinesara,F
Keshaliy,F
Ketti,F
Keylala,F
Kezzia,F
Khushbakht,F
Kiaamalie,F
Kimmy,F
Kizzie,F
Klarra,F
Konstantia,F
Koumba,F
Kristina,F
Krusemynte,F
Kyra,F
Kæthe,F
Labika,F
Lama,F
Lanjin,F
Lanoja,F
Laoura,F
Larzetty,F
Laura,F
Laurina,F
Lawan,F
Leanna,F
Leeloo,F
Leontijana,F
Lezanne,F
Libbe,F
Lill,F
Linh,F
Liraina,F
Lisenne,F
Loma,F
Lonesmila,F
Lucienna,F
Ludvikke,F
Lya,F
Lynn,F
Lynnie,F
Lysandra,F
Lyzet,F
Madia,F
Mahtab,F
Maidah,F
Maimuna,F
Maj-Lis,F
Majamaluca,F
Makayla,F
Maleika,F
Malfrid,F
Manesa,F
Manilla,F
Manon,F
Marcelda,F
Mari,F
Mariaava,F
Mariglo,F
Marike,F
Marka,F
Martyna,F
Mathurada,F
Mattie,F
Maybrit,F
Medeina,F
Meely,F
Mehrnoosh,F
Meluca,F
Memnune,F
Menaal,F
Menessa,F
Meng,F
Mery,F
Mettemari,F
Mettemaria,F
Miida,F
Miirabhai,F
Misja,F
Moniika,F
Moshumi,F
Muneeba,F
Muringi,F
Nadika,F
Nadiya,F
Najannguaq,F
Najmia,F
Nalukui,F
Nano,F
Nastasia,F
Nataya,F
Nathishika,F
Natsu,F
Navá,F
Necole,F
Nede,F
Nedziba,F
Neema,F
Nei,F
Nelie,F
Nelli,F
Nete,F
Nethe,F
Niela,F
Nienna,F
Nimah,F
Ninavenus,F
Niovi,F
Nishimve,F
Nitara,F
Nmi,F
Nolah,F
Noleen,F
Norah,F
Nowera,F
Nusaiba,F
Nyah,F
Nyota,F
Obehi,F
Oceania,F
October,F
Olava,F
Ondieneke,F
Orana,F
Orbal,F
Othilde,F
Otilde,F
Panda,F
Parascheva,F
Parmida,F
Pemala,F
Persille,F
Petricia,F
Poéssy,F
Prabhsimran,F
Priesha,F
Qamille,F
Quendresa,F
Ragnfrid,F
Ralia,F
Randie,F
Rashida,F
Remas,F
Retaj,F
Riemarrie,F
Rine,F
Rosine,F
Ruman,F
Ryan,F
Rüya,F
Sahanah,F
Sahara,F
Salma,F
Saloumeh,F
Sanaya,F
Sanella,F
Sanja,F
Saya,F
Selia,F
Sellma,F
Selma,F
Senuri,F
Servan,F
Shafana,F
Shahla,F
Shama,F
Shanjanaa,F
Shawnem,F
Shessa,F
Sicilla,F
Siiriya,F
Silona,F
Sinamarie,F
Sindet,F
Sisca,F
Sissemaj,F
Soffía,F
Solmoi,F
Solomia,F
Sorana,F
Spire,F
Steffani,F
Stellamina,F
Subeyda,F
Sumayâh,F
Susanne,F
Suzan,F
Svenja,F
Syrine,F
Sysser,F
Sysset,F
Sølvie,F
Tae,F
Talya,F
Tanya,F
Tasniim,F
Tayrin,F
Tehreem,F
Teia,F
Thachinsung,F
Tiana,F
Tilse,F
Timinet,F
Tinah,F
Tivi,F
Toni,F
Torborg,F
Touleen,F
Toyodhi,F
Trice,F
Trineline,F
Ulfa,F
Umeys,F
Uresa,F
Valgerd,F
Vanora,F
Venelite,F
Vickie,F
Vita,F
Viviane,F
Vivienne,F
Walaa,F
Winichaa,F
Xaliya,F
Ximan,F
Yaira,F
Yobela,F
Yoginia,F
Ytta,F
Zafrullah,F
Zakiya,F
Zana,F
Zanette,F
Zenobta,F
Zhina,F
Ziagul,F
Zilpa,F
Zohal,F
Zohra,F
Árnína,F
Æsa,F
Íris,F
Joey,U
Renee,U
Nur,U
Toba,U
Yong,U
Vian,U
Saman,U
Love,U
Samer,U
Elias,U
Nor,U
Randy,U
Rihan,U
Neil,U
Indigo,U
Tong,U
Lek,U
Zein,U
Anmol,U
Phi,U
Tony,U
Kiran,U
Hajin,U
Al,U
Aimal,U
Eliyah,U
Oluwaseun,U
Safir,U
Niel,U
Tran,U
Gul,U
Lutfi,U
Moe,U
Taj,U
Raja,U
Manu,U
Sila,U
Nicki,U
Naji,U
Birke,U
Avneet,U
Lie,U
Maui,U
Maxence,U
Cane,U
Baraa,U
Ngun,U
Sultan,U
Marian,U
Hamdi,U
