Madriaz,M
Mahith,M
Majaliwa,M
Mamadou,M
Maneet,M
Marchel,M
Margus,M
Marion,M
Mars,M
Mashakur,M
Masieco,M
Matej,M
Matiar,M
Mayson,M
Mehti,M
Melchizedek,M
Mertcan,M
Meshack,M
Mido,M
Mihnea,M
Milija,M
Mithrades,M
Mohd,M
Mohib,M
Mojtaba,M
Mowafak,M
Muhudin,M
Muhumed,M
Murtadha,M
Mustakim,M
Mutua,M
Madia,F
Mahtab,F
Maidah,F
Maimuna,F
Maj-Lis,F
Majamaluca,F
Makayla,F
Maleika,F
Malfrid,F
Manesa,F
Manilla,F
Manon,F
Marcelda,F
Mari,F
Mariaava,F
Mariglo,F
Marike,F
Marka,F
Martyna,F
Mathurada,F
Mattie,F
Maybrit,F
Medeina,F
Meely,F
Mehrnoosh,F
Meluca,F
Memnune,F
Menaal,F
Menessa,F
Meng,F
Mery,F
Mettemari,F
Mettemaria,F
Miida,F
Miirabhai,F
Misja,F
Moniika,F
Moshumi,F
Muneeba,F
Muringi,F
Moe,U
Manu,U
Maui,U
Maxence,U
Marian,U
